[
   {
      "name":"sri sri siddalinga appaji",
      "backgroundImage":"Images/JagadguruImages/SiddalingaAppaji.jpg",
      "desc":"Shri Sadguru Yallalingeshwar Punyashram At. Po. Akkimardi, Tal. Mudhol Dist. Bagalkot."
   },
   {
      "name":"sri sri sadguru yallalinga appaji",
      "backgroundImage":"Images/JagadguruImages/YallalingaAppaji.jpg",
      "desc":"Shri Sadguru Yallalingeshwar Punyashram At. Po. Banahatti, Tal. Jamakhandi Dist. Bagalkot."
   },
   {
      "name":"sri sri shadakshari shivayogi siddarameshwara appaji",
      "backgroundImage":"Images/JagadguruImages/SiddaramShivayogi.jpg",
      "desc":"Shri Sadguru Yallalingeshwar Punyashram At. Po. Hunasikatti, Tal. Jamakhandi Dist. Bagalkot."
   },
   {
      "name":"sri sri pujya murugharajendra appaji",
      "backgroundImage":"Images/JagadguruImages/MurugharajAppaji.jpg",
      "desc":"Shri Sadguru Yallalingeshwar Punyashram At. Po. Jamakhandi, Tal. Jamakhandi Dist. Bagalkot."
   }
]