<core:FragmentDefinition
	xmlns="sap.m"
	xmlns:l="sap.ui.layout"
	xmlns:f="sap.ui.layout.form"
	xmlns:unified="sap.ui.unified"
	xmlns:mvc="sap.ui.core.mvc" 
	xmlns:core="sap.ui.core">
	<VBox class="sapUiSmallMargin">
		<PlanningCalendar
			
			startDate="{path: '/startDate'}"
			rows="{path: '/people'}"
			appointmentsVisualization="Filled"
			appointmentSelect="handleAppointmentSelect"
			showEmptyIntervalHeaders="false">
			<toolbarContent>
				<Title text="Title" titleStyle="H4"/>
			</toolbarContent>
			<rows>
				<PlanningCalendarRow
					icon="{pic}"
					title="{name}"
					text="{role}"
					appointments="{appointments}"
					intervalHeaders="{headers}">
					<appointments>
						<unified:CalendarAppointment
							startDate="{start}"
							endDate="{end}"
							icon="{pic}"
							title="{title}"
							text="{info}"
							type="{type}"
							tentative="{tentative}">
						</unified:CalendarAppointment>
					</appointments>
					<intervalHeaders>
						<unified:CalendarAppointment
							startDate="{start}"
							endDate="{end}"
							icon="{pic}"
							title="{title}"
							type="{type}">
						</unified:CalendarAppointment>
					</intervalHeaders>
				</PlanningCalendarRow>
			</rows>
		</PlanningCalendar>
	</VBox>
</core:FragmentDefinition>