<core:FragmentDefinition
  xmlns="sap.m"
  xmlns:core="sap.ui.core"
  xmlns:commons="sap.ui.commons"
  xmlns:l="sap.ui.layout"
  xmlns:f="sap.ui.layout.form" >
  <f:SimpleForm id="view.Login.Login"
                   class="login loginbox"
                   minWidth="1024"
                   maxContainerCols="2"
                   editable="false"
                   layout="ResponsiveGridLayout"
                   labelSpanL="2"
                   labelSpanM="2"
                   emptySpanL="1"
                   emptySpanM="1"
                   columnsL="1"
                   columnsM="1">

    <f:content >
 
	
			<HBox alignItems="Center" justifyContent="Center">
	            <RadioButton groupName="g1" id="RB1-1" text="Parent Log In"/>
				<RadioButton groupName="g1" id="RB1-2" text="Student Log In" selected="true"/>
			</HBox>
			
	
			<Label text="Username">
					<layoutData>
						<l:GridData span="L4 M6 S4" />
					</layoutData>
			</Label>
			<Input autocapitalize="off" type="Email" autocorrect="off" id="txtUsername" required="true" placeholder="" value="user_name">
					<layoutData>
						<l:GridData  span="L4 M6 S8" />
					</layoutData>
			</Input>
			
			<Label text="Password">
					<layoutData>
						<l:GridData linebreak="true" span="L4 M6 S4" />
					</layoutData>
			</Label>
		    <Input autocapitalize="off" autocorrect="off" type="Password" value="{user>/Password}" id="txtPassword" required="true" placeholder="">
		            <layoutData>
						<l:GridData span="L4 M6 S8" />
					</layoutData>
			</Input>
		
		<HBox alignItems="Center" justifyContent="Center">
		        <Button text="Log On" type="Accept" press="onPressLogIn" >
		        <layoutData>
						<l:GridData linebreak="true" span="L6 M12 S12" />
				</layoutData>
					</Button>     
				<Button text="Cancel" type="Reject" press="goTologin" >
				<layoutData>
						<l:GridData span="L6 M12 S12" />
				</layoutData>
				    </Button>
				
				 <layoutData>
						<l:GridData linebreak="true" span="L12 M12 S12" />
				</layoutData> 
				
				<!--  <Input autocapitalize="off" autocorrect="off" type="Password" value="{user>/Password}" id="svg" required="true" placeholder="">
		            <layoutData>
						<l:GridData span="L4 M6 S8" />
					</layoutData>
			</Input>
				 -->
		</HBox>
		
    </f:content>
  </f:SimpleForm>


  <!-- Form -->

</core:FragmentDefinition>